{
  "accuracy": 0.22473246135552913,
  "macro_f1": 0.12093192521499074,
  "weighted_f1": 0.18705245270871504,
  "classification_report": {
    "Cambodia": {
      "precision": 0.08823529411764706,
      "recall": 0.2727272727272727,
      "f1-score": 0.13333333333333333,
      "support": 33.0
    },
    "Canada": {
      "precision": 0.0,
      "recall": 0.0,
      "f1-score": 0.0,
      "support": 1.0
    },
    "Colombia": {
      "precision": 0.0,
      "recall": 0.0,
      "f1-score": 0.0,
      "support": 1.0
    },
    "Costa Rica": {
      "precision": 0.0,
      "recall": 0.0,
      "f1-score": 0.0,
      "support": 1.0
    },
    "France": {
      "precision": 0.0,
      "recall": 0.0,
      "f1-score": 0.0,
      "support": 2.0
    },
    "Germany": {
      "precision": 0.0,
      "recall": 0.0,
      "f1-score": 0.0,
      "support": 1.0
    },
    "Indonesia": {
      "precision": 0.4583333333333333,
      "recall": 0.03254437869822485,
      "f1-score": 0.06077348066298342,
      "support": 338.0
    },
    "Japan": {
      "precision": 0.11464968152866242,
      "recall": 0.6666666666666666,
      "f1-score": 0.1956521739130435,
      "support": 27.0
    },
    "Kyrgyzstan": {
      "precision": 0.0,
      "recall": 0.0,
      "f1-score": 0.0,
      "support": 2.0
    },
    "Laos": {
      "precision": 0.26744186046511625,
      "recall": 0.575,
      "f1-score": 0.36507936507936506,
      "support": 40.0
    },
    "Madagascar": {
      "precision": 0.6666666666666666,
      "recall": 0.25,
      "f1-score": 0.36363636363636365,
      "support": 8.0
    },
    "Malaysia": {
      "precision": 0.6666666666666666,
      "recall": 0.4,
      "f1-score": 0.5,
      "support": 5.0
    },
    "Mongolia": {
      "precision": 0.04,
      "recall": 0.08333333333333333,
      "f1-score": 0.05405405405405406,
      "support": 12.0
    },
    "Myanmar": {
      "precision": 0.171875,
      "recall": 0.2682926829268293,
      "f1-score": 0.20952380952380953,
      "support": 41.0
    },
    "New Zealand": {
      "precision": 0.0,
      "recall": 0.0,
      "f1-score": 0.0,
      "support": 2.0
    },
    "North Korea": {
      "precision": 0.0,
      "recall": 0.0,
      "f1-score": 0.0,
      "support": 1.0
    },
    "Panama": {
      "precision": 0.05555555555555555,
      "recall": 0.09090909090909091,
      "f1-score": 0.06896551724137931,
      "support": 11.0
    },
    "Peru": {
      "precision": 0.0,
      "recall": 0.0,
      "f1-score": 0.0,
      "support": 2.0
    },
    "Philippines": {
      "precision": 0.16883116883116883,
      "recall": 0.8666666666666667,
      "f1-score": 0.2826086956521739,
      "support": 30.0
    },
    "Russia": {
      "precision": 0.0,
      "recall": 0.0,
      "f1-score": 0.0,
      "support": 3.0
    },
    "South Africa": {
      "precision": 0.0,
      "recall": 0.0,
      "f1-score": 0.0,
      "support": 1.0
    },
    "South Korea": {
      "precision": 0.2755905511811024,
      "recall": 0.6140350877192983,
      "f1-score": 0.3804347826086957,
      "support": 57.0
    },
    "Sweden": {
      "precision": 0.0,
      "recall": 0.0,
      "f1-score": 0.0,
      "support": 1.0
    },
    "Thailand": {
      "precision": 0.1875,
      "recall": 0.04580152671755725,
      "f1-score": 0.0736196319018405,
      "support": 131.0
    },
    "Turkey": {
      "precision": 0.0,
      "recall": 0.0,
      "f1-score": 0.0,
      "support": 3.0
    },
    "USA": {
      "precision": 0.0,
      "recall": 0.0,
      "f1-score": 0.0,
      "support": 1.0
    },
    "Venezuela": {
      "precision": 0.0,
      "recall": 0.0,
      "f1-score": 0.0,
      "support": 4.0
    },
    "Vietnam": {
      "precision": 1.0,
      "recall": 0.5365853658536586,
      "f1-score": 0.6984126984126984,
      "support": 82.0
    },
    "accuracy": 0.22473246135552913,
    "macro avg": {
      "precision": 0.14861949208378283,
      "recall": 0.1679486454363785,
      "f1-score": 0.12093192521499074,
      "support": 841.0
    },
    "weighted avg": {
      "precision": 0.3754606378745104,
      "recall": 0.22473246135552913,
      "f1-score": 0.18705245270871504,
      "support": 841.0
    }
  }
}