{
  "accuracy": 0.751486325802616,
  "macro_f1": 0.47410923239339386,
  "weighted_f1": 0.7521088964763156,
  "classification_report": {
    "Cambodia": {
      "precision": 0.5227272727272727,
      "recall": 0.696969696969697,
      "f1-score": 0.5974025974025974,
      "support": 33.0
    },
    "Canada": {
      "precision": 1.0,
      "recall": 1.0,
      "f1-score": 1.0,
      "support": 1.0
    },
    "Colombia": {
      "precision": 0.5,
      "recall": 1.0,
      "f1-score": 0.6666666666666666,
      "support": 1.0
    },
    "Costa Rica": {
      "precision": 1.0,
      "recall": 1.0,
      "f1-score": 1.0,
      "support": 1.0
    },
    "France": {
      "precision": 1.0,
      "recall": 0.5,
      "f1-score": 0.6666666666666666,
      "support": 2.0
    },
    "Germany": {
      "precision": 0.0,
      "recall": 0.0,
      "f1-score": 0.0,
      "support": 1.0
    },
    "Indonesia": {
      "precision": 0.8363636363636363,
      "recall": 0.8165680473372781,
      "f1-score": 0.8263473053892215,
      "support": 338.0
    },
    "Japan": {
      "precision": 0.8421052631578947,
      "recall": 0.5925925925925926,
      "f1-score": 0.6956521739130435,
      "support": 27.0
    },
    "Kyrgyzstan": {
      "precision": 0.5,
      "recall": 0.5,
      "f1-score": 0.5,
      "support": 2.0
    },
    "Laos": {
      "precision": 0.717948717948718,
      "recall": 0.7,
      "f1-score": 0.7088607594936709,
      "support": 40.0
    },
    "Madagascar": {
      "precision": 0.625,
      "recall": 0.625,
      "f1-score": 0.625,
      "support": 8.0
    },
    "Malaysia": {
      "precision": 0.6666666666666666,
      "recall": 0.8,
      "f1-score": 0.7272727272727273,
      "support": 5.0
    },
    "Mongolia": {
      "precision": 0.5454545454545454,
      "recall": 0.5,
      "f1-score": 0.5217391304347826,
      "support": 12.0
    },
    "Myanmar": {
      "precision": 0.7045454545454546,
      "recall": 0.7560975609756098,
      "f1-score": 0.7294117647058823,
      "support": 41.0
    },
    "New Zealand": {
      "precision": 0.0,
      "recall": 0.0,
      "f1-score": 0.0,
      "support": 2.0
    },
    "Nigeria": {
      "precision": 0.0,
      "recall": 0.0,
      "f1-score": 0.0,
      "support": 0.0
    },
    "North Korea": {
      "precision": 0.0,
      "recall": 0.0,
      "f1-score": 0.0,
      "support": 1.0
    },
    "Panama": {
      "precision": 0.5,
      "recall": 0.5454545454545454,
      "f1-score": 0.5217391304347826,
      "support": 11.0
    },
    "Peru": {
      "precision": 0.0,
      "recall": 0.0,
      "f1-score": 0.0,
      "support": 2.0
    },
    "Philippines": {
      "precision": 0.7352941176470589,
      "recall": 0.8333333333333334,
      "f1-score": 0.78125,
      "support": 30.0
    },
    "Russia": {
      "precision": 0.5,
      "recall": 0.6666666666666666,
      "f1-score": 0.5714285714285714,
      "support": 3.0
    },
    "South Africa": {
      "precision": 0.0,
      "recall": 0.0,
      "f1-score": 0.0,
      "support": 1.0
    },
    "South Korea": {
      "precision": 0.6091954022988506,
      "recall": 0.9298245614035088,
      "f1-score": 0.7361111111111112,
      "support": 57.0
    },
    "Sweden": {
      "precision": 0.0,
      "recall": 0.0,
      "f1-score": 0.0,
      "support": 1.0
    },
    "Thailand": {
      "precision": 0.7704918032786885,
      "recall": 0.7175572519083969,
      "f1-score": 0.7430830039525692,
      "support": 131.0
    },
    "Turkey": {
      "precision": 0.3333333333333333,
      "recall": 0.3333333333333333,
      "f1-score": 0.3333333333333333,
      "support": 3.0
    },
    "USA": {
      "precision": 0.0,
      "recall": 0.0,
      "f1-score": 0.0,
      "support": 1.0
    },
    "Venezuela": {
      "precision": 0.0,
      "recall": 0.0,
      "f1-score": 0.0,
      "support": 4.0
    },
    "Vietnam": {
      "precision": 0.9344262295081968,
      "recall": 0.6951219512195121,
      "f1-score": 0.7972027972027972,
      "support": 82.0
    },
    "accuracy": 0.751486325802616,
    "macro avg": {
      "precision": 0.47736387734242475,
      "recall": 0.4899489496963612,
      "f1-score": 0.47410923239339386,
      "support": 841.0
    },
    "weighted avg": {
      "precision": 0.7645674077751475,
      "recall": 0.751486325802616,
      "f1-score": 0.7521088964763156,
      "support": 841.0
    }
  }
}