{
  "accuracy": 0.4482758620689655,
  "macro_f1": 0.21921584615537987,
  "weighted_f1": 0.47052726021060126,
  "classification_report": {
    "Australia": {
      "precision": 0.0,
      "recall": 0.0,
      "f1-score": 0.0,
      "support": 0.0
    },
    "Barnabas": {
      "precision": 0.0,
      "recall": 0.0,
      "f1-score": 0.0,
      "support": 0.0
    },
    "Cambodia": {
      "precision": 0.20967741935483872,
      "recall": 0.3939393939393939,
      "f1-score": 0.2736842105263158,
      "support": 33.0
    },
    "Canada": {
      "precision": 0.0,
      "recall": 0.0,
      "f1-score": 0.0,
      "support": 1.0
    },
    "Colombia": {
      "precision": 0.5,
      "recall": 1.0,
      "f1-score": 0.6666666666666666,
      "support": 1.0
    },
    "Costa Rica": {
      "precision": 0.5,
      "recall": 1.0,
      "f1-score": 0.6666666666666666,
      "support": 1.0
    },
    "France": {
      "precision": 0.0,
      "recall": 0.0,
      "f1-score": 0.0,
      "support": 2.0
    },
    "Germany": {
      "precision": 0.0,
      "recall": 0.0,
      "f1-score": 0.0,
      "support": 1.0
    },
    "Hong Kong": {
      "precision": 0.0,
      "recall": 0.0,
      "f1-score": 0.0,
      "support": 0.0
    },
    "Indonesia": {
      "precision": 0.7485380116959064,
      "recall": 0.378698224852071,
      "f1-score": 0.5029469548133595,
      "support": 338.0
    },
    "Japan": {
      "precision": 0.36363636363636365,
      "recall": 0.4444444444444444,
      "f1-score": 0.4,
      "support": 27.0
    },
    "Kyrgyzstan": {
      "precision": 0.0,
      "recall": 0.0,
      "f1-score": 0.0,
      "support": 2.0
    },
    "Laos": {
      "precision": 0.2857142857142857,
      "recall": 0.5,
      "f1-score": 0.36363636363636365,
      "support": 40.0
    },
    "Madagascar": {
      "precision": 0.15,
      "recall": 0.375,
      "f1-score": 0.21428571428571427,
      "support": 8.0
    },
    "Malaysia": {
      "precision": 0.18181818181818182,
      "recall": 0.4,
      "f1-score": 0.25,
      "support": 5.0
    },
    "Mongolia": {
      "precision": 0.17647058823529413,
      "recall": 0.25,
      "f1-score": 0.20689655172413793,
      "support": 12.0
    },
    "Myanmar": {
      "precision": 0.38596491228070173,
      "recall": 0.5365853658536586,
      "f1-score": 0.4489795918367347,
      "support": 41.0
    },
    "New Zealand": {
      "precision": 0.0,
      "recall": 0.0,
      "f1-score": 0.0,
      "support": 2.0
    },
    "Nigeria": {
      "precision": 0.0,
      "recall": 0.0,
      "f1-score": 0.0,
      "support": 0.0
    },
    "North Korea": {
      "precision": 0.0,
      "recall": 0.0,
      "f1-score": 0.0,
      "support": 1.0
    },
    "Panama": {
      "precision": 0.25,
      "recall": 0.6363636363636364,
      "f1-score": 0.358974358974359,
      "support": 11.0
    },
    "Peru": {
      "precision": 0.0,
      "recall": 0.0,
      "f1-score": 0.0,
      "support": 2.0
    },
    "Philippines": {
      "precision": 0.3157894736842105,
      "recall": 0.6,
      "f1-score": 0.41379310344827586,
      "support": 30.0
    },
    "Russia": {
      "precision": 0.5,
      "recall": 0.3333333333333333,
      "f1-score": 0.4,
      "support": 3.0
    },
    "South Africa": {
      "precision": 0.0,
      "recall": 0.0,
      "f1-score": 0.0,
      "support": 1.0
    },
    "South Korea": {
      "precision": 0.44285714285714284,
      "recall": 0.543859649122807,
      "f1-score": 0.4881889763779528,
      "support": 57.0
    },
    "Sweden": {
      "precision": 0.0,
      "recall": 0.0,
      "f1-score": 0.0,
      "support": 1.0
    },
    "Thailand": {
      "precision": 0.5086206896551724,
      "recall": 0.45038167938931295,
      "f1-score": 0.4777327935222672,
      "support": 131.0
    },
    "Turkey": {
      "precision": 0.0,
      "recall": 0.0,
      "f1-score": 0.0,
      "support": 3.0
    },
    "USA": {
      "precision": 0.0,
      "recall": 0.0,
      "f1-score": 0.0,
      "support": 1.0
    },
    "Venezuela": {
      "precision": 0.14285714285714285,
      "recall": 0.25,
      "f1-score": 0.18181818181818182,
      "support": 4.0
    },
    "Vietnam": {
      "precision": 0.7333333333333333,
      "recall": 0.6707317073170732,
      "f1-score": 0.7006369426751592,
      "support": 82.0
    },
    "accuracy": 0.4482758620689655,
    "macro avg": {
      "precision": 0.19985242328508043,
      "recall": 0.2738542948317416,
      "f1-score": 0.21921584615537987,
      "support": 841.0
    },
    "weighted avg": {
      "precision": 0.5571032925244654,
      "recall": 0.4482758620689655,
      "f1-score": 0.47052726021060126,
      "support": 841.0
    }
  }
}