{
  "accuracy": 0.4149821640903686,
  "macro_f1": 0.20501496844666078,
  "weighted_f1": 0.4645452597871233,
  "classification_report": {
    "Australia": {
      "precision": 0.0,
      "recall": 0.0,
      "f1-score": 0.0,
      "support": 0.0
    },
    "Cambodia": {
      "precision": 0.19047619047619047,
      "recall": 0.36363636363636365,
      "f1-score": 0.25,
      "support": 33.0
    },
    "Canada": {
      "precision": 0.0,
      "recall": 0.0,
      "f1-score": 0.0,
      "support": 1.0
    },
    "Colombia": {
      "precision": 0.25,
      "recall": 1.0,
      "f1-score": 0.4,
      "support": 1.0
    },
    "Congo": {
      "precision": 0.0,
      "recall": 0.0,
      "f1-score": 0.0,
      "support": 0.0
    },
    "Costa Rica": {
      "precision": 0.5,
      "recall": 1.0,
      "f1-score": 0.6666666666666666,
      "support": 1.0
    },
    "Ecuador": {
      "precision": 0.0,
      "recall": 0.0,
      "f1-score": 0.0,
      "support": 0.0
    },
    "France": {
      "precision": 0.0,
      "recall": 0.0,
      "f1-score": 0.0,
      "support": 2.0
    },
    "Germany": {
      "precision": 0.0,
      "recall": 0.0,
      "f1-score": 0.0,
      "support": 1.0
    },
    "Indonesia": {
      "precision": 0.8898305084745762,
      "recall": 0.3106508875739645,
      "f1-score": 0.4605263157894737,
      "support": 338.0
    },
    "Japan": {
      "precision": 0.8666666666666667,
      "recall": 0.48148148148148145,
      "f1-score": 0.6190476190476191,
      "support": 27.0
    },
    "Kyrgyzstan": {
      "precision": 0.0,
      "recall": 0.0,
      "f1-score": 0.0,
      "support": 2.0
    },
    "Laos": {
      "precision": 0.6363636363636364,
      "recall": 0.525,
      "f1-score": 0.5753424657534246,
      "support": 40.0
    },
    "Madagascar": {
      "precision": 0.09523809523809523,
      "recall": 0.25,
      "f1-score": 0.13793103448275862,
      "support": 8.0
    },
    "Malaysia": {
      "precision": 0.16666666666666666,
      "recall": 0.4,
      "f1-score": 0.23529411764705882,
      "support": 5.0
    },
    "Mongolia": {
      "precision": 0.21428571428571427,
      "recall": 0.5,
      "f1-score": 0.3,
      "support": 12.0
    },
    "Myanmar": {
      "precision": 0.25,
      "recall": 0.1951219512195122,
      "f1-score": 0.2191780821917808,
      "support": 41.0
    },
    "New Zealand": {
      "precision": 0.0,
      "recall": 0.0,
      "f1-score": 0.0,
      "support": 2.0
    },
    "Nigeria": {
      "precision": 0.0,
      "recall": 0.0,
      "f1-score": 0.0,
      "support": 0.0
    },
    "North Korea": {
      "precision": 0.0,
      "recall": 0.0,
      "f1-score": 0.0,
      "support": 1.0
    },
    "Panama": {
      "precision": 0.13043478260869565,
      "recall": 0.5454545454545454,
      "f1-score": 0.21052631578947367,
      "support": 11.0
    },
    "Peru": {
      "precision": 0.0,
      "recall": 0.0,
      "f1-score": 0.0,
      "support": 2.0
    },
    "Philippines": {
      "precision": 0.20869565217391303,
      "recall": 0.8,
      "f1-score": 0.3310344827586207,
      "support": 30.0
    },
    "Russia": {
      "precision": 0.07692307692307693,
      "recall": 0.3333333333333333,
      "f1-score": 0.125,
      "support": 3.0
    },
    "South Africa": {
      "precision": 0.0,
      "recall": 0.0,
      "f1-score": 0.0,
      "support": 1.0
    },
    "South Korea": {
      "precision": 0.42045454545454547,
      "recall": 0.6491228070175439,
      "f1-score": 0.5103448275862069,
      "support": 57.0
    },
    "Sweden": {
      "precision": 0.0,
      "recall": 0.0,
      "f1-score": 0.0,
      "support": 1.0
    },
    "Thailand": {
      "precision": 0.6,
      "recall": 0.4351145038167939,
      "f1-score": 0.504424778761062,
      "support": 131.0
    },
    "Turkey": {
      "precision": 0.06666666666666667,
      "recall": 0.3333333333333333,
      "f1-score": 0.1111111111111111,
      "support": 3.0
    },
    "USA": {
      "precision": 0.0,
      "recall": 0.0,
      "f1-score": 0.0,
      "support": 1.0
    },
    "Venezuela": {
      "precision": 0.1,
      "recall": 0.25,
      "f1-score": 0.14285714285714285,
      "support": 4.0
    },
    "Vietnam": {
      "precision": 0.9807692307692307,
      "recall": 0.6219512195121951,
      "f1-score": 0.7611940298507462,
      "support": 82.0
    },
    "accuracy": 0.4149821640903686,
    "macro avg": {
      "precision": 0.20760848227398981,
      "recall": 0.2810687633243458,
      "f1-score": 0.20501496844666078,
      "support": 841.0
    },
    "weighted avg": {
      "precision": 0.6689477356599305,
      "recall": 0.4149821640903686,
      "f1-score": 0.4645452597871233,
      "support": 841.0
    }
  }
}