{
  "accuracy": 0.13079667063020214,
  "macro_f1": 0.06909546143911917,
  "weighted_f1": 0.12145192977293655,
  "classification_report": {
    "Cambodia": {
      "precision": 0.0,
      "recall": 0.0,
      "f1-score": 0.0,
      "support": 33.0
    },
    "Canada": {
      "precision": 0.1111111111111111,
      "recall": 1.0,
      "f1-score": 0.2,
      "support": 1.0
    },
    "Chile": {
      "precision": 0.0,
      "recall": 0.0,
      "f1-score": 0.0,
      "support": 0.0
    },
    "Colombia": {
      "precision": 0.0,
      "recall": 0.0,
      "f1-score": 0.0,
      "support": 1.0
    },
    "Costa Rica": {
      "precision": 0.0,
      "recall": 0.0,
      "f1-score": 0.0,
      "support": 1.0
    },
    "Ecuador": {
      "precision": 0.0,
      "recall": 0.0,
      "f1-score": 0.0,
      "support": 0.0
    },
    "France": {
      "precision": 0.0,
      "recall": 0.0,
      "f1-score": 0.0,
      "support": 2.0
    },
    "Germany": {
      "precision": 0.0,
      "recall": 0.0,
      "f1-score": 0.0,
      "support": 1.0
    },
    "Indonesia": {
      "precision": 0.0,
      "recall": 0.0,
      "f1-score": 0.0,
      "support": 338.0
    },
    "Italy": {
      "precision": 0.0,
      "recall": 0.0,
      "f1-score": 0.0,
      "support": 0.0
    },
    "Japan": {
      "precision": 0.16981132075471697,
      "recall": 0.3333333333333333,
      "f1-score": 0.225,
      "support": 27.0
    },
    "Jordan": {
      "precision": 0.0,
      "recall": 0.0,
      "f1-score": 0.0,
      "support": 0.0
    },
    "Kazakhstan": {
      "precision": 0.0,
      "recall": 0.0,
      "f1-score": 0.0,
      "support": 0.0
    },
    "Kyrgyzstan": {
      "precision": 0.16666666666666666,
      "recall": 1.0,
      "f1-score": 0.2857142857142857,
      "support": 2.0
    },
    "Laos": {
      "precision": 0.09302325581395349,
      "recall": 0.1,
      "f1-score": 0.0963855421686747,
      "support": 40.0
    },
    "Madagascar": {
      "precision": 0.14285714285714285,
      "recall": 0.5,
      "f1-score": 0.2222222222222222,
      "support": 8.0
    },
    "Malaysia": {
      "precision": 0.056338028169014086,
      "recall": 0.8,
      "f1-score": 0.10526315789473684,
      "support": 5.0
    },
    "Mauritius": {
      "precision": 0.0,
      "recall": 0.0,
      "f1-score": 0.0,
      "support": 0.0
    },
    "Mongolia": {
      "precision": 0.06060606060606061,
      "recall": 0.5,
      "f1-score": 0.10810810810810811,
      "support": 12.0
    },
    "Myanmar": {
      "precision": 0.2777777777777778,
      "recall": 0.12195121951219512,
      "f1-score": 0.1694915254237288,
      "support": 41.0
    },
    "Nepal": {
      "precision": 0.0,
      "recall": 0.0,
      "f1-score": 0.0,
      "support": 0.0
    },
    "New Zealand": {
      "precision": 0.0136986301369863,
      "recall": 0.5,
      "f1-score": 0.02666666666666667,
      "support": 2.0
    },
    "North Korea": {
      "precision": 0.0,
      "recall": 0.0,
      "f1-score": 0.0,
      "support": 1.0
    },
    "Panama": {
      "precision": 0.0,
      "recall": 0.0,
      "f1-score": 0.0,
      "support": 11.0
    },
    "Peru": {
      "precision": 0.0,
      "recall": 0.0,
      "f1-score": 0.0,
      "support": 2.0
    },
    "Philippines": {
      "precision": 0.20588235294117646,
      "recall": 0.7,
      "f1-score": 0.3181818181818182,
      "support": 30.0
    },
    "Russia": {
      "precision": 0.0,
      "recall": 0.0,
      "f1-score": 0.0,
      "support": 3.0
    },
    "South Africa": {
      "precision": 0.0,
      "recall": 0.0,
      "f1-score": 0.0,
      "support": 1.0
    },
    "South Korea": {
      "precision": 0.0,
      "recall": 0.0,
      "f1-score": 0.0,
      "support": 57.0
    },
    "Sweden": {
      "precision": 0.0,
      "recall": 0.0,
      "f1-score": 0.0,
      "support": 1.0
    },
    "Thailand": {
      "precision": 0.25,
      "recall": 0.07633587786259542,
      "f1-score": 0.11695906432748537,
      "support": 131.0
    },
    "Trinidad and Tobago": {
      "precision": 0.0,
      "recall": 0.0,
      "f1-score": 0.0,
      "support": 0.0
    },
    "Turkey": {
      "precision": 0.0,
      "recall": 0.0,
      "f1-score": 0.0,
      "support": 3.0
    },
    "USA": {
      "precision": 0.0,
      "recall": 0.0,
      "f1-score": 0.0,
      "support": 1.0
    },
    "Venezuela": {
      "precision": 0.0,
      "recall": 0.0,
      "f1-score": 0.0,
      "support": 4.0
    },
    "Vietnam": {
      "precision": 0.9772727272727273,
      "recall": 0.524390243902439,
      "f1-score": 0.6825396825396826,
      "support": 82.0
    },
    "Yemen": {
      "precision": 0.0,
      "recall": 0.0,
      "f1-score": 0.0,
      "support": 0.0
    },
    "accuracy": 0.13079667063020214,
    "macro avg": {
      "precision": 0.06824446146236036,
      "recall": 0.16637866688136654,
      "f1-score": 0.06909546143911917,
      "support": 841.0
    },
    "weighted avg": {
      "precision": 0.16811084509169638,
      "recall": 0.13079667063020214,
      "f1-score": 0.12145192977293655,
      "support": 841.0
    }
  }
}