{
  "accuracy": 0.20927467300832342,
  "macro_f1": 0.025478531479988905,
  "weighted_f1": 0.20862458564180955,
  "classification_report": {
    "Australia": {
      "precision": 0.0,
      "recall": 0.0,
      "f1-score": 0.0,
      "support": 0.0
    },
    "Cambodia": {
      "precision": 0.038461538461538464,
      "recall": 0.030303030303030304,
      "f1-score": 0.03389830508474576,
      "support": 33.0
    },
    "Canada": {
      "precision": 0.0,
      "recall": 0.0,
      "f1-score": 0.0,
      "support": 1.0
    },
    "Colombia": {
      "precision": 0.0,
      "recall": 0.0,
      "f1-score": 0.0,
      "support": 1.0
    },
    "Costa Rica": {
      "precision": 0.0,
      "recall": 0.0,
      "f1-score": 0.0,
      "support": 1.0
    },
    "Ecuador": {
      "precision": 0.0,
      "recall": 0.0,
      "f1-score": 0.0,
      "support": 0.0
    },
    "France": {
      "precision": 0.0,
      "recall": 0.0,
      "f1-score": 0.0,
      "support": 3.0
    },
    "Germany": {
      "precision": 0.0,
      "recall": 0.0,
      "f1-score": 0.0,
      "support": 1.0
    },
    "Indonesia": {
      "precision": 0.4035608308605341,
      "recall": 0.40236686390532544,
      "f1-score": 0.40296296296296297,
      "support": 338.0
    },
    "Japan": {
      "precision": 0.03225806451612903,
      "recall": 0.037037037037037035,
      "f1-score": 0.034482758620689655,
      "support": 27.0
    },
    "Kazakhstan": {
      "precision": 0.0,
      "recall": 0.0,
      "f1-score": 0.0,
      "support": 0.0
    },
    "Kyrgyzstan": {
      "precision": 0.0,
      "recall": 0.0,
      "f1-score": 0.0,
      "support": 1.0
    },
    "Laos": {
      "precision": 0.05405405405405406,
      "recall": 0.05,
      "f1-score": 0.05194805194805195,
      "support": 40.0
    },
    "Madagascar": {
      "precision": 0.0,
      "recall": 0.0,
      "f1-score": 0.0,
      "support": 7.0
    },
    "Malaysia": {
      "precision": 0.0,
      "recall": 0.0,
      "f1-score": 0.0,
      "support": 6.0
    },
    "Mongolia": {
      "precision": 0.0,
      "recall": 0.0,
      "f1-score": 0.0,
      "support": 12.0
    },
    "Myanmar": {
      "precision": 0.0625,
      "recall": 0.07317073170731707,
      "f1-score": 0.06741573033707865,
      "support": 41.0
    },
    "New Zealand": {
      "precision": 0.0,
      "recall": 0.0,
      "f1-score": 0.0,
      "support": 2.0
    },
    "Nigeria": {
      "precision": 0.0,
      "recall": 0.0,
      "f1-score": 0.0,
      "support": 0.0
    },
    "North Korea": {
      "precision": 0.0,
      "recall": 0.0,
      "f1-score": 0.0,
      "support": 1.0
    },
    "Panama": {
      "precision": 0.0,
      "recall": 0.0,
      "f1-score": 0.0,
      "support": 11.0
    },
    "Peru": {
      "precision": 0.0,
      "recall": 0.0,
      "f1-score": 0.0,
      "support": 2.0
    },
    "Philippines": {
      "precision": 0.0,
      "recall": 0.0,
      "f1-score": 0.0,
      "support": 29.0
    },
    "Russia": {
      "precision": 0.0,
      "recall": 0.0,
      "f1-score": 0.0,
      "support": 3.0
    },
    "South Africa": {
      "precision": 0.0,
      "recall": 0.0,
      "f1-score": 0.0,
      "support": 1.0
    },
    "South Korea": {
      "precision": 0.03571428571428571,
      "recall": 0.03508771929824561,
      "f1-score": 0.035398230088495575,
      "support": 57.0
    },
    "Spain": {
      "precision": 0.0,
      "recall": 0.0,
      "f1-score": 0.0,
      "support": 0.0
    },
    "Sweden": {
      "precision": 0.0,
      "recall": 0.0,
      "f1-score": 0.0,
      "support": 2.0
    },
    "Thailand": {
      "precision": 0.16901408450704225,
      "recall": 0.18461538461538463,
      "f1-score": 0.17647058823529413,
      "support": 130.0
    },
    "Trinidad and Tobago": {
      "precision": 0.0,
      "recall": 0.0,
      "f1-score": 0.0,
      "support": 0.0
    },
    "Turkey": {
      "precision": 0.0,
      "recall": 0.0,
      "f1-score": 0.0,
      "support": 3.0
    },
    "USA": {
      "precision": 0.0,
      "recall": 0.0,
      "f1-score": 0.0,
      "support": 2.0
    },
    "Venezuela": {
      "precision": 0.0,
      "recall": 0.0,
      "f1-score": 0.0,
      "support": 3.0
    },
    "Vietnam": {
      "precision": 0.0945945945945946,
      "recall": 0.08433734939759036,
      "f1-score": 0.08917197452229299,
      "support": 83.0
    },
    "Yemen": {
      "precision": 0.0,
      "recall": 0.0,
      "f1-score": 0.0,
      "support": 0.0
    },
    "accuracy": 0.20927467300832342,
    "macro avg": {
      "precision": 0.02543307007737652,
      "recall": 0.025626231893255153,
      "f1-score": 0.025478531479988905,
      "support": 841.0
    },
    "weighted avg": {
      "precision": 0.20823700134027356,
      "recall": 0.20927467300832342,
      "f1-score": 0.20862458564180955,
      "support": 841.0
    }
  }
}