{
  "accuracy": 0.3210463733650416,
  "macro_f1": 0.17708074178842395,
  "weighted_f1": 0.33381217632115606,
  "classification_report": {
    "Australia": {
      "precision": 0.0,
      "recall": 0.0,
      "f1-score": 0.0,
      "support": 0.0
    },
    "Austria": {
      "precision": 0.0,
      "recall": 0.0,
      "f1-score": 0.0,
      "support": 0.0
    },
    "Cambodia": {
      "precision": 0.08695652173913043,
      "recall": 0.18181818181818182,
      "f1-score": 0.11764705882352941,
      "support": 33.0
    },
    "Canada": {
      "precision": 0.045454545454545456,
      "recall": 1.0,
      "f1-score": 0.08695652173913043,
      "support": 1.0
    },
    "Colombia": {
      "precision": 0.16666666666666666,
      "recall": 1.0,
      "f1-score": 0.2857142857142857,
      "support": 1.0
    },
    "Costa Rica": {
      "precision": 0.5,
      "recall": 1.0,
      "f1-score": 0.6666666666666666,
      "support": 1.0
    },
    "France": {
      "precision": 0.0,
      "recall": 0.0,
      "f1-score": 0.0,
      "support": 2.0
    },
    "Germany": {
      "precision": 0.0,
      "recall": 0.0,
      "f1-score": 0.0,
      "support": 1.0
    },
    "Indonesia": {
      "precision": 0.7108433734939759,
      "recall": 0.17455621301775148,
      "f1-score": 0.28028503562945367,
      "support": 338.0
    },
    "Japan": {
      "precision": 0.6190476190476191,
      "recall": 0.48148148148148145,
      "f1-score": 0.5416666666666666,
      "support": 27.0
    },
    "Kyrgyzstan": {
      "precision": 0.25,
      "recall": 0.5,
      "f1-score": 0.3333333333333333,
      "support": 2.0
    },
    "Laos": {
      "precision": 0.0,
      "recall": 0.0,
      "f1-score": 0.0,
      "support": 40.0
    },
    "Madagascar": {
      "precision": 0.2,
      "recall": 0.375,
      "f1-score": 0.2608695652173913,
      "support": 8.0
    },
    "Malaysia": {
      "precision": 0.3333333333333333,
      "recall": 0.8,
      "f1-score": 0.47058823529411764,
      "support": 5.0
    },
    "Mongolia": {
      "precision": 0.14035087719298245,
      "recall": 0.6666666666666666,
      "f1-score": 0.2318840579710145,
      "support": 12.0
    },
    "Myanmar": {
      "precision": 0.3870967741935484,
      "recall": 0.2926829268292683,
      "f1-score": 0.3333333333333333,
      "support": 41.0
    },
    "Nepal": {
      "precision": 0.0,
      "recall": 0.0,
      "f1-score": 0.0,
      "support": 0.0
    },
    "New Zealand": {
      "precision": 0.0,
      "recall": 0.0,
      "f1-score": 0.0,
      "support": 2.0
    },
    "Nigeria": {
      "precision": 0.0,
      "recall": 0.0,
      "f1-score": 0.0,
      "support": 0.0
    },
    "North Korea": {
      "precision": 0.0,
      "recall": 0.0,
      "f1-score": 0.0,
      "support": 1.0
    },
    "Pakistan": {
      "precision": 0.0,
      "recall": 0.0,
      "f1-score": 0.0,
      "support": 0.0
    },
    "Panama": {
      "precision": 0.2,
      "recall": 0.09090909090909091,
      "f1-score": 0.125,
      "support": 11.0
    },
    "Peru": {
      "precision": 0.0,
      "recall": 0.0,
      "f1-score": 0.0,
      "support": 2.0
    },
    "Philippines": {
      "precision": 0.37209302325581395,
      "recall": 0.5333333333333333,
      "f1-score": 0.4383561643835616,
      "support": 30.0
    },
    "Russia": {
      "precision": 0.08823529411764706,
      "recall": 1.0,
      "f1-score": 0.16216216216216217,
      "support": 3.0
    },
    "South Africa": {
      "precision": 0.0,
      "recall": 0.0,
      "f1-score": 0.0,
      "support": 1.0
    },
    "South Korea": {
      "precision": 0.3333333333333333,
      "recall": 0.7543859649122807,
      "f1-score": 0.46236559139784944,
      "support": 57.0
    },
    "Sweden": {
      "precision": 0.0,
      "recall": 0.0,
      "f1-score": 0.0,
      "support": 1.0
    },
    "Thailand": {
      "precision": 0.3103448275862069,
      "recall": 0.4122137404580153,
      "f1-score": 0.3540983606557377,
      "support": 131.0
    },
    "Turkey": {
      "precision": 0.0,
      "recall": 0.0,
      "f1-score": 0.0,
      "support": 3.0
    },
    "UK": {
      "precision": 0.0,
      "recall": 0.0,
      "f1-score": 0.0,
      "support": 0.0
    },
    "USA": {
      "precision": 0.0,
      "recall": 0.0,
      "f1-score": 0.0,
      "support": 1.0
    },
    "Venezuela": {
      "precision": 0.14285714285714285,
      "recall": 0.25,
      "f1-score": 0.18181818181818182,
      "support": 4.0
    },
    "Vietnam": {
      "precision": 1.0,
      "recall": 0.524390243902439,
      "f1-score": 0.688,
      "support": 82.0
    },
    "accuracy": 0.3210463733650416,
    "macro avg": {
      "precision": 0.17313568624329254,
      "recall": 0.29521876009789727,
      "f1-score": 0.17708074178842395,
      "support": 841.0
    },
    "weighted avg": {
      "precision": 0.5204958084244102,
      "recall": 0.3210463733650416,
      "f1-score": 0.33381217632115606,
      "support": 841.0
    }
  }
}