{
  "accuracy": 0.21878715814506539,
  "macro_f1": 0.03172718676870509,
  "weighted_f1": 0.2181022556501191,
  "classification_report": {
    "Australia": {
      "precision": 0.0,
      "recall": 0.0,
      "f1-score": 0.0,
      "support": 0.0
    },
    "Cambodia": {
      "precision": 0.07692307692307693,
      "recall": 0.06060606060606061,
      "f1-score": 0.06779661016949153,
      "support": 33.0
    },
    "Canada": {
      "precision": 0.0,
      "recall": 0.0,
      "f1-score": 0.0,
      "support": 1.0
    },
    "Colombia": {
      "precision": 0.0,
      "recall": 0.0,
      "f1-score": 0.0,
      "support": 1.0
    },
    "Costa Rica": {
      "precision": 0.0,
      "recall": 0.0,
      "f1-score": 0.0,
      "support": 1.0
    },
    "Ecuador": {
      "precision": 0.0,
      "recall": 0.0,
      "f1-score": 0.0,
      "support": 0.0
    },
    "France": {
      "precision": 0.0,
      "recall": 0.0,
      "f1-score": 0.0,
      "support": 2.0
    },
    "Germany": {
      "precision": 0.0,
      "recall": 0.0,
      "f1-score": 0.0,
      "support": 1.0
    },
    "Indonesia": {
      "precision": 0.3916913946587537,
      "recall": 0.3905325443786982,
      "f1-score": 0.39111111111111113,
      "support": 338.0
    },
    "Japan": {
      "precision": 0.03225806451612903,
      "recall": 0.037037037037037035,
      "f1-score": 0.034482758620689655,
      "support": 27.0
    },
    "Kazakhstan": {
      "precision": 0.0,
      "recall": 0.0,
      "f1-score": 0.0,
      "support": 0.0
    },
    "Kyrgyzstan": {
      "precision": 0.0,
      "recall": 0.0,
      "f1-score": 0.0,
      "support": 2.0
    },
    "Laos": {
      "precision": 0.02702702702702703,
      "recall": 0.025,
      "f1-score": 0.025974025974025976,
      "support": 40.0
    },
    "Madagascar": {
      "precision": 0.0,
      "recall": 0.0,
      "f1-score": 0.0,
      "support": 8.0
    },
    "Malaysia": {
      "precision": 0.0,
      "recall": 0.0,
      "f1-score": 0.0,
      "support": 5.0
    },
    "Mongolia": {
      "precision": 0.0,
      "recall": 0.0,
      "f1-score": 0.0,
      "support": 12.0
    },
    "Myanmar": {
      "precision": 0.08333333333333333,
      "recall": 0.0975609756097561,
      "f1-score": 0.0898876404494382,
      "support": 41.0
    },
    "New Zealand": {
      "precision": 0.0,
      "recall": 0.0,
      "f1-score": 0.0,
      "support": 2.0
    },
    "Nigeria": {
      "precision": 0.0,
      "recall": 0.0,
      "f1-score": 0.0,
      "support": 0.0
    },
    "North Korea": {
      "precision": 0.0,
      "recall": 0.0,
      "f1-score": 0.0,
      "support": 1.0
    },
    "Panama": {
      "precision": 0.1,
      "recall": 0.09090909090909091,
      "f1-score": 0.09523809523809523,
      "support": 11.0
    },
    "Peru": {
      "precision": 0.0,
      "recall": 0.0,
      "f1-score": 0.0,
      "support": 2.0
    },
    "Philippines": {
      "precision": 0.0,
      "recall": 0.0,
      "f1-score": 0.0,
      "support": 30.0
    },
    "Russia": {
      "precision": 0.0,
      "recall": 0.0,
      "f1-score": 0.0,
      "support": 3.0
    },
    "South Africa": {
      "precision": 0.0,
      "recall": 0.0,
      "f1-score": 0.0,
      "support": 1.0
    },
    "South Korea": {
      "precision": 0.07142857142857142,
      "recall": 0.07017543859649122,
      "f1-score": 0.07079646017699115,
      "support": 57.0
    },
    "Spain": {
      "precision": 0.0,
      "recall": 0.0,
      "f1-score": 0.0,
      "support": 0.0
    },
    "Sweden": {
      "precision": 0.0,
      "recall": 0.0,
      "f1-score": 0.0,
      "support": 1.0
    },
    "Thailand": {
      "precision": 0.2112676056338028,
      "recall": 0.22900763358778625,
      "f1-score": 0.21978021978021978,
      "support": 131.0
    },
    "Trinidad and Tobago": {
      "precision": 0.0,
      "recall": 0.0,
      "f1-score": 0.0,
      "support": 0.0
    },
    "Turkey": {
      "precision": 0.0,
      "recall": 0.0,
      "f1-score": 0.0,
      "support": 3.0
    },
    "USA": {
      "precision": 0.0,
      "recall": 0.0,
      "f1-score": 0.0,
      "support": 1.0
    },
    "Venezuela": {
      "precision": 0.0,
      "recall": 0.0,
      "f1-score": 0.0,
      "support": 4.0
    },
    "Vietnam": {
      "precision": 0.12162162162162163,
      "recall": 0.10975609756097561,
      "f1-score": 0.11538461538461539,
      "support": 82.0
    },
    "Yemen": {
      "precision": 0.0,
      "recall": 0.0,
      "f1-score": 0.0,
      "support": 0.0
    },
    "accuracy": 0.21878715814506539,
    "macro avg": {
      "precision": 0.03187287700406617,
      "recall": 0.031730996522454175,
      "f1-score": 0.03172718676870509,
      "support": 841.0
    },
    "weighted avg": {
      "precision": 0.21773998371609182,
      "recall": 0.21878715814506539,
      "f1-score": 0.2181022556501191,
      "support": 841.0
    }
  }
}